[
  {
    "name": "cusnocn",
    "type": "cusnocn",
    "files": "/cus/mosdns/srs/geosite-cn@!cn.srs",
    "url": "https://raw.githubusercontent.com/nekolsd/sing-geosite/refs/heads/rule-set/geosite-cn%40!cn.srs",
    "enabled": true,
    "auto_update": false,
    "update_interval_hours": 24,
    "rule_count": 261,
    "last_updated": "2025-11-24T10:53:00.126228742+08:00"
  },
  {
    "name": "tiktok",
    "type": "cusnocn",
    "files": "/cus/mosdns/srs/geosite-tiktok.srs",
    "url": "https://raw.githubusercontent.com/nekolsd/sing-geosite/refs/heads/rule-set/geosite-tiktok.srs",
    "enabled": true,
    "auto_update": false,
    "update_interval_hours": 24,
    "rule_count": 21,
    "last_updated": "2025-11-25T11:00:12.054896368+08:00"
  }
]